{"steering":1.3392,"ts":498.2888119,"pos":{"y":466.6242980957,"x":475.18350219727,"z":242.6916809082},"id":1,"quat":{"y":-0.039414475351701,"z":-0.75339158067317,"x":-0.031134834595284,"w":0.65565101035403}}
{"steering":6.36525,"ts":505.085188,"pos":{"y":452.56909179688,"x":432.0009765625,"z":246.81018066406},"id":2,"quat":{"y":0.018870810961699,"z":0.88744453320265,"x":-0.0032446672193233,"w":-0.46051662849131}}
{"steering":24.6303,"ts":513.6442324,"pos":{"y":429.48602294922,"x":391.8092956543,"z":246.71437072754},"id":3,"quat":{"y":-0.034199988994993,"z":0.90863418947248,"x":-0.016913176456093,"w":-0.41584638382052}}
{"steering":6.900750004,"ts":519.0331089,"pos":{"y":405.31210327148,"x":378.67431640625,"z":243.42268371582},"id":4,"quat":{"y":-0.081556077792696,"z":0.98501730626103,"x":-0.023255241484616,"w":-0.15016226651467}}
{"steering":-2.932200026,"ts":525.8544118,"pos":{"y":402.92694091797,"x":333.24075317383,"z":235.40130615234},"id":5,"quat":{"y":0.038760661626889,"z":-0.47755983475195,"x":0.071665217226228,"w":0.87481330121452}}
{"steering":25.1658,"ts":533.8145105,"pos":{"y":377.56451416016,"x":306.75994873047,"z":225.85192871094},"id":6,"quat":{"y":-0.027948807761893,"z":0.95198280333861,"x":0.0094689737281381,"w":0.30472601600256}}
{"steering":58.52385,"ts":545.1871922,"pos":{"y":319.30090332031,"x":333.78665161133,"z":222.76927185059},"id":7,"quat":{"y":0.046061981180079,"z":-0.45341816977717,"x":0.065269314643778,"w":0.88771063628393}}
{"steering":7.42275,"ts":557.41546,"pos":{"y":323.07629394531,"x":280.49285888672,"z":211.76193237305},"id":8,"quat":{"y":-0.054605160550212,"z":0.81595016653086,"x":0.042633347881629,"w":0.57395644419063}}
{"steering":-36.441,"ts":568.7083174,"pos":{"y":287.82507324219,"x":341.20141601563,"z":207.98141479492},"id":9,"quat":{"y":-0.054477568835835,"z":0.90861041786775,"x":0.023074368469169,"w":0.41343303757161}}
{"steering":-11.24055,"ts":575.4027516,"pos":{"y":261.37408447266,"x":327.24588012695,"z":203.18669128418},"id":10,"quat":{"y":0.057537915115466,"z":-0.80098684447652,"x":0.064570435398563,"w":0.59240199372736}}
{"steering":52.17885,"ts":595.8552755,"pos":{"y":225.20585632324,"x":305.58065795898,"z":201.37492370605},"id":11,"quat":{"y":-0.0087239234827832,"z":0.74054916145191,"x":0.0026095083449308,"w":0.67194049074166}}
{"steering":-35.36955,"ts":607.297983,"pos":{"y":193.27284240723,"x":362.28253173828,"z":193.63005065918},"id":12,"quat":{"y":0.052194736219882,"z":-0.80847428241559,"x":0.025259614687258,"w":0.58566799131367}}
{"steering":-9.90855,"ts":613.2028786,"pos":{"y":177.42861938477,"x":295.55465698242,"z":188.31713867188},"id":13,"quat":{"y":0.014338903162797,"z":-0.8195162478468,"x":0.0098690347488776,"w":0.57279151313922}}
{"steering":5.04675,"ts":617.8600231,"pos":{"y":172.6280670166,"x":246.96243286133,"z":185.88458251953},"id":14,"quat":{"y":0.025267238770757,"z":-0.71244557564698,"x":0.013921765032025,"w":0.70113411901314}}
{"steering":-1.59975,"ts":623.2323461,"pos":{"y":154.87744140625,"x":244.43988037109,"z":181.81631469727},"id":15,"quat":{"y":-0.034378955193753,"z":0.73950935365597,"x":0.033428826571695,"w":0.67143615992077}}
{"steering":1.339200014,"ts":636.1598148,"pos":{"y":132.91963195801,"x":353.41766357422,"z":177.4130859375},"id":16,"quat":{"y":0.0030957627502341,"z":0.87277260493553,"x":-0.0078611728474329,"w":0.48805388871363}}
{"steering":3.19275,"ts":650.396747,"pos":{"y":113.2547454834,"x":402.07040405273,"z":177.04656982422},"id":17,"quat":{"y":-0.0094379709929832,"z":0.87776630402595,"x":0.0035540089497269,"w":0.47898289034218}}
{"steering":10.33425,"ts":657.1004368,"pos":{"y":102.79076385498,"x":448.77667236328,"z":175.29998779297},"id":18,"quat":{"y":-0.016670834860357,"z":0.63488801121343,"x":0.016074683848092,"w":0.77225701746355}}
{"steering":-19.28835,"ts":664.589346,"pos":{"y":82.332366943359,"x":457.84677124023,"z":168.69876098633},"id":19,"quat":{"y":0.011782999913382,"z":-0.72646864361497,"x":0.010314252252832,"w":0.68702116922096}}
{"steering":12.72375,"ts":682.7365656,"pos":{"y":91.854942321777,"x":347.48937988281,"z":164.90777587891},"id":20,"quat":{"y":0.045581214424759,"z":-0.54787668038925,"x":0.061094922781782,"w":0.8330791717403}}
{"steering":21.4578,"ts":690.6328944,"pos":{"y":68.065208435059,"x":335.74838256836,"z":157.22853088379},"id":21,"quat":{"y":-0.067686462621609,"z":0.79192849188632,"x":0.052729306725655,"w":0.60455556132473}}
{"steering":23.5728,"ts":701.9016507,"pos":{"y":55.667537689209,"x":435.37399291992,"z":143.86219787598},"id":22,"quat":{"y":-0.041906874197481,"z":0.61364517699053,"x":0.05397259724143,"w":0.78661958366053}}
{"steering":0.006749997134,"ts":710.0398337,"pos":{"y":23.511264801025,"x":434.29266357422,"z":127.57160949707},"id":23,"quat":{"y":0.056176248657987,"z":-0.69826885750116,"x":0.057559950821531,"w":0.71130280738386}}
{"steering":-0.78975,"ts":721.0171366,"pos":{"y":-0.77407974004745,"x":372.55255126953,"z":109.65552520752},"id":24,"quat":{"y":-0.057427645571726,"z":0.7404894664863,"x":0.079225555657208,"w":0.66490655499681}}
{"steering":-13.6575,"ts":726.4683002,"pos":{"y":-28.871307373047,"x":409.9485168457,"z":101.73350524902},"id":25,"quat":{"y":-0.062061344390636,"z":0.96905879087944,"x":0.022188664985973,"w":0.23786784670872}}
{"steering":20.6613,"ts":732.983381,"pos":{"y":-59.091915130615,"x":447.61923217773,"z":98.773590087891},"id":26,"quat":{"y":-0.018902026641552,"z":0.78476664869711,"x":0.0080765218524814,"w":0.61945039371714}}
{"steering":-30.27465,"ts":743.0643122,"pos":{"y":-74.635398864746,"x":477.64254760742,"z":95.058288574219},"id":27,"quat":{"y":-0.03651247665069,"z":0.83833715335971,"x":0.028818177250206,"w":0.54316403508107}}
{"steering":-5.0742,"ts":747.7442786,"pos":{"y":-92.681007385254,"x":482.23681640625,"z":92.459899902344},"id":28,"quat":{"y":-0.086085800661913,"z":0.99475771054949,"x":-0.018714586698436,"w":-0.051923948919866}}
{"steering":-1.86075,"ts":754.16981,"pos":{"y":-139.1775970459,"x":488.73736572266,"z":83.943412780762},"id":29,"quat":{"y":-0.060667590326367,"z":0.98472727719451,"x":0.010922803674816,"w":0.16282605870366}}
{"steering":-2.6712,"ts":761.2994534,"pos":{"y":-155.23759460449,"x":474.92892456055,"z":78.822212219238},"id":30,"quat":{"y":0.031583797400168,"z":-0.43872380735407,"x":0.071985006085651,"w":0.89517710175215}}
{"steering":-7.766099998,"ts":769.5889493,"pos":{"y":-115.34140777588,"x":412.93869018555,"z":69.009674072266},"id":31,"quat":{"y":0.04327012275675,"z":-0.61144787561827,"x":0.037357250549402,"w":0.78921709795842}}
{"steering":34.9578,"ts":772.9728223,"pos":{"y":-104.12400054932,"x":388.91711425781,"z":67.355171203613},"id":32,"quat":{"y":-0.0020038098317754,"z":-0.51160281047205,"x":0.028031720545353,"w":0.8587623487942}}
{"steering":0.2816999963,"ts":780.3784288,"pos":{"y":-107.4248046875,"x":341.39273071289,"z":64.819305419922},"id":33,"quat":{"y":-0.029264035985633,"z":0.86994096636116,"x":-0.023011057738689,"w":-0.49174873916075}}
{"steering":15.63525,"ts":785.8050681,"pos":{"y":-99.279479980469,"x":312.29370117188,"z":63.931911468506},"id":34,"quat":{"y":0.0028497591163094,"z":-0.42468741149383,"x":0.0031562273096092,"w":0.90533006114943}}
{"steering":19.08225,"ts":797.202501,"pos":{"y":-103.48709106445,"x":254.46166992188,"z":58.624698638916},"id":35,"quat":{"y":-0.026844186255373,"z":0.91964768560403,"x":-0.010533089042585,"w":-0.39168428365541}}
{"steering":12.18825,"ts":812.9119867,"pos":{"y":-132.09971618652,"x":114.48123931885,"z":47.563194274902},"id":36,"quat":{"y":0.0063290105444342,"z":-0.67827983702358,"x":0.0018040930792752,"w":0.734774218084}}
{"steering":-3.4677,"ts":816.1727396,"pos":{"y":-138.82415771484,"x":85.450569152832,"z":46.688243865967},"id":37,"quat":{"y":-0.0077943127799282,"z":-0.82310835484445,"x":-0.010299647227865,"w":0.56773744120018}}
{"steering":12.46275,"ts":820.1361627,"pos":{"y":-146.85061645508,"x":44.984535217285,"z":44.745941162109},"id":38,"quat":{"y":0.03609054277508,"z":-0.77572371783766,