{"steering":9.81225,"ts":2115.2050419,"pos":{"y":289.70712280273,"x":-459.63912963867,"z":22.722850799561},"id":1,"quat":{"y":0.018230778268175,"z":0.9696227338942,"x":-0.022903950693311,"w":0.24284728057343}}
{"steering":22.79025,"ts":2125.0657894,"pos":{"y":235.4129486084,"x":-434.10855102539,"z":23.410055160522},"id":2,"quat":{"y":0.010171929423374,"z":0.99326821749271,"x":0.008209340893549,"w":0.11509729229112}}
{"steering":1.860749986,"ts":2127.6230248,"pos":{"y":208.89826965332,"x":-418.68215942383,"z":23.293077468872},"id":3,"quat":{"y":-0.013018055542677,"z":0.94044075935406,"x":0.0033099882626237,"w":0.33969214349635}}
{"steering":-12.5865,"ts":2138.5786539,"pos":{"y":80.201080322266,"x":-339.65225219727,"z":21.10613822937},"id":4,"quat":{"y":0.013206110624883,"z":0.99735676606409,"x":0.0019863341620594,"w":0.071422225566921}}
{"steering":1.860749994,"ts":2145.0849131,"pos":{"y":-27.256492614746,"x":-297.10174560547,"z":18.769676208496},"id":5,"quat":{"y":-0.018831384718684,"z":0.9190231410287,"x":0.017365480332524,"w":0.39337041741359}}
{"steering":-0.7897499902,"ts":2147.0221586,"pos":{"y":-45.941761016846,"x":-277.67031860352,"z":17.329406738281},"id":6,"quat":{"y":0.0011040982008588,"z":0.92842646746309,"x":-0.010108664244294,"w":0.37137701919796}}
{"steering":5.30775,"ts":2154.9128149,"pos":{"y":-59.553874969482,"x":-245.05155944824,"z":15.454803466797},"id":7,"quat":{"y":-0.015433232073318,"z":-0.21952406406774,"x":-0.016187306349157,"w":0.97535069167767}}
{"steering":0.2817,"ts":2158.5558626,"pos":{"y":-11.105277061462,"x":-274.53131103516,"z":17.253072738647},"id":8,"quat":{"y":-0.0009301111584063,"z":-0.32667994000607,"x":-0.0085922879946675,"w":0.94509551066434}}
{"steering":3.45375,"ts":2164.3350151,"pos":{"y":80.60994720459,"x":-308.64303588867,"z":18.919460296631},"id":9,"quat":{"y":-0.0087456787365632,"z":-0.04375366367204,"x":0.0057720525105418,"w":0.99898739402884}}
{"steering":-16.6104,"ts":2167.7836172,"pos":{"y":135.57621765137,"x":-326.21768188477,"z":19.64186668396},"id":10,"quat":{"y":0.02236740590861,"z":-0.17717761888699,"x":0.0021345765301571,"w":0.98392237198952}}
{"steering":-5.61015,"ts":2175.5264871,"pos":{"y":266.35916137695,"x":-393.42971801758,"z":20.710954666138},"id":11,"quat":{"y":0.0059396922666445,"z":-0.28693079621686,"x":0.0067383887667049,"w":0.95790919838728}}
{"steering":-10.16955,"ts":2181.7550084,"pos":{"y":321.79229736328,"x":-390.06411743164,"z":19.312112808228},"id":12,"quat":{"y":-0.0084034084905844,"z":0.38752000242852,"x":0.024394198019812,"w":0.92150016470238}}
{"steering":-36.16605,"ts":2187.3414188,"pos":{"y":361.48123168945,"x":-383.81628417969,"z":18.586826324463},"id":13,"quat":{"y":0.0035076689980168,"z":-0.41823946332912,"x":-0.014103190757911,"w":0.90822053906681}}
{"steering":12.18825,"ts":2194.4186422,"pos":{"y":439.0094909668,"x":-367.56488037109,"z":18.837104797363},"id":14,"quat":{"y":-0.013699081036105,"z":0.57866260300511,"x":0.0083615184169332,"w":0.81540910717988}}
{"steering":-9.90855,"ts":2203.9749044,"pos":{"y":387.37475585938,"x":-251.54983520508,"z":17.675828933716},"id":15,"quat":{"y":-0.0014675881491088,"z":0.97536990336164,"x":0.0098370703513852,"w":0.22035115122965}}
{"steering":-21.15585,"ts":2212.4314534,"pos":{"y":315.88305664063,"x":-223.69198608398,"z":17.491960525513},"id":16,"quat":{"y":-0.017847024539876,"z":0.98144920202072,"x":0.016107129689719,"w":-0.19020911634598}}
{"steering":-19.28835,"ts":2222.7903782,"pos":{"y":285.27743530273,"x":-171.14611816406,"z":17.476757049561},"id":17,"quat":{"y":-0.017147459140524,"z":0.21972763543203,"x":0.00016025743911077,"w":0.97541053161734}}
{"steering":5.307749942,"ts":2232.7543098,"pos":{"y":261.36349487305,"x":-71.643096923828,"z":17.468647003174},"id":18,"quat":{"y":-0.012968706464015,"z":0.98917452694761,"x":0.027911727249916,"w":-0.14347997551069}}
{"steering":4.250250006,"ts":2240.2151915,"pos":{"y":183.02484130859,"x":-18.785037994385,"z":15.584785461426},"id":19,"quat":{"y":0.0073531045971929,"z":0.85466670686361,"x":0.006221031689776,"w":0.51908771011883}}
{"steering":-34.55954997,"ts":2249.5761192,"pos":{"y":102.79348754883,"x":110.56281280518,"z":17.024301528931},"id":20,"quat":{"y":-0.0021742326798747,"z":0.80703540462058,"x":-0.0099285179378934,"w":0.59041557646518}}
{"steering":23.84775,"ts":2256.2258481,"pos":{"y":76.77547454834,"x":129.86563110352,"z":17.598468780518},"id":21,"quat":{"y":0.01961791381451,"z":0.96830344310395,"x":-0.00095794254583437,"w":0.2490033370794}}
{"steering":1.59975,"ts":2263.0077811,"pos":{"y":28.277610778809,"x":175.39976501465,"z":18.781679153442},"id":22,"quat":{"y":0.012583793746187,"z":0.98210180950243,"x":-0.010934433243807,"w":0.1876116256436}}
{"steering":-1.325250006,"ts":2267.2355389,"pos":{"y":1.289204955101,"x":202.64956665039,"z":20.10232925415},"id":23,"quat":{"y":0.020288042484045,"z":0.83698032400389,"x":-0.016894864735349,"w":0.54659573370827}}
{"steering":22.5153,"ts":2272.5209882,"pos":{"y":-48.32791519165,"x":234.14012145996,"z":26.936761856079},"id":24,"quat":{"y":0.054122978621502,"z":0.98490973762915,"x":-0.011381180983707,"w":0.16399384326199}}
{"steering":7.42275,"ts":2277.8871396,"pos":{"y":-100.25945281982,"x":222.2322845459,"z":34.213718414307},"id":25,"quat":{"y":0.060543683293463,"z":0.88789655453621,"x":-0.0082196553011749,"w":-0.45596777092545}}
{"steering":12.46275,"ts":2283.9742853,"pos":{"y":-161.89695739746,"x":195.55274963379,"z":38.164196014404},"id":26,"quat":{"y":0.028528258109082,"z":0.98944786902023,"x":-0.011330611555047,"w":0.1416003892028}}
{"steering":9.812250014,"ts":2287.0334581,"pos":{"y":-197.73152160645,"x":208.43034362793,"z":41.902336120605},"id":27,"quat":{"y":0.058554874329329,"z":0.978365162289,"x":-0.0088989065054289,"w":0.19822650018224}}
{"steering":21.4578,"ts":2291.9176697,"pos":{"y":-219.30711364746,"x":246.69807434082,"z":48.434471130371},"id":28,"quat":{"y":0.029872298332536,"z":0.58625288543645,"x":-0.045919829192921,"w":0.80827382080373}}
{"steering":0.54225,"ts":2297.781958,"pos":{"y":-181.3642578125,"x":320.50549316406,"z":54.797534942627},"id":29,"quat":{"y":-0.00030923008598918,"z":0.45398984240776,"x":0.035383279391296,"w":0.89030396545609}}
{"steering":21.7188,"ts":2308.6540583,"pos":{"y":-161.07334899902,"x":385.15969848633,"z":50.511989593506},"id":30,"quat":{"y":0.060366709224049,"z":-0.86128188342771,"x":0.013150868587869,"w":0.50435744502492}}
{"steering":-23.3118,"ts":2314.8063674,"pos":{"y":-218.90643310547,"x":363.50390625,"z":44.818729400635},"id":31,"quat":{"y":-0.014269347636133,"z":0.99730033611339,"x":-0.0026529434673802,"w":0.071981853248746}}
{"steering":-0.7897499897,"ts":2320.1477858,"pos":{"y":-261.78134155273,"x":338.75549316406,"z":41.770946502686},"id":32,"quat":{"y":-0.044518232109872,"z":0.90746895121007,"x":-0.036695021722059,"w":-0.41613904524849}}
{"steering":14.04225,"ts":2335.5185859,"pos":{"y":-372.21859741211,"x":81.940170288086,"z":20.698724746704},"id":33,"quat":{"y":-0.029314627305083,"z":0.88894538117964,"x":-0.0099698394982615,"w":-0.45696538622277}}
{"steering":2.135700005,"ts":2339.3643387,"pos":{"y":-401.31121826172,"x":55.657405853271,"z":18.839204788208},"id":34,"quat":{"y":-0.022079798664015,"z":0.98126900475626,"x":-0.017955515765939,"w":-0.19052879637784}}
{"steering":-43.67835001,"ts":2345.3604799,"pos":{"y":-401.57995605469,"x":42.382991790771,"z":18.149112701416},"id":35,"quat":{"y":0.0071105541825589,"z":-0.19448701461701,"x":-0.0064287228797627,"w":0.98085825310629}}
{"steering":7.697249963,"ts":2350.6900858,"pos":{"y":-342.04992675781,"x":6.4856505393982,"z":16.695552825928},"id":36,"quat":{"y":-0.016038386389745,"z":-0.45472930826403,"x":0.018271568029756,"w":0.890297801957}}
{"steering":-31.34565001,"ts":2357.4677106,"pos":{"y":-308.09292602539,"x":-16.486595153809,"z":17.726732254028},"id":37,"quat":{"y":-0.0044360491240112,"z":0.71135863818801,"x":-0.023489251941878,"w":0.70242256824983}}
{"steering":7.16175,"ts":2364.1331399,