{"steering":-20.08485001,"ts":963.8448743,"pos":{"y":-72.926887512207,"x":-107.29695892334,"z":34.558601379395},"id":1,"quat":{"y":-2.031499429172e-05,"z":0.031587656623569,"x":0.0052848716873096,"w":0.99948701325609}}
{"steering":4.25025,"ts":971.1816871,"pos":{"y":-48.887706756592,"x":-111.15758514404,"z":34.177021026611},"id":2,"quat":{"y":-0.0060142147979125,"z":-0.26487665623561,"x":0.036369476543623,"w":0.96357742157947}}
{"steering":-8.5626,"ts":975.9272161,"pos":{"y":-15.818648338318,"x":-109.7899017334,"z":31.182897567749},"id":3,"quat":{"y":0.020156284281164,"z":0.26767443146728,"x":0.073715662513007,"w":0.96047390596669}}
{"steering":32.5818,"ts":981.1052424,"pos":{"y":16.685907363892,"x":-112.7688369751,"z":27.900030136108},"id":4,"quat":{"y":0.039588906784715,"z":-0.31530837287178,"x":0.046326809078933,"w":0.94703071503363}}
{"steering":30.4668,"ts":988.6001418,"pos":{"y":19.879148483276,"x":-101.41427612305,"z":25.579435348511},"id":5,"quat":{"y":-0.043886565064765,"z":0.93912689475312,"x":-0.014481892184438,"w":0.34044811610133}}
{"steering":-1.59975,"ts":996.0523127,"pos":{"y":-38.035041809082,"x":-56.519359588623,"z":26.144113540649},"id":6,"quat":{"y":-0.012497286025042,"z":0.9794650769927,"x":0.0034044977291343,"w":0.2011973911086}}
{"steering":7.69725,"ts":1003.2024301,"pos":{"y":-39.21509552002,"x":-36.971839904785,"z":25.975337982178},"id":7,"quat":{"y":0.0081235752888868,"z":-0.099285806677805,"x":1.0481223591459e-05,"w":0.99502579665404}}
{"steering":2.9322,"ts":1008.6414579,"pos":{"y":21.295791625977,"x":-58.104869842529,"z":29.822738647461},"id":8,"quat":{"y":-0.047994246478606,"z":-0.21281806580963,"x":-0.029895299715423,"w":0.97545440397023}}
{"steering":-17.6814,"ts":1013.7820411,"pos":{"y":30.504150390625,"x":-41.886291503906,"z":31.56086730957},"id":9,"quat":{"y":-0.015640670331714,"z":0.88933323533579,"x":-0.013154949475611,"w":0.4568027071538}}
{"steering":7.958249995,"ts":1020.0469178,"pos":{"y":-26.113580703735,"x":2.4007534980774,"z":32.156322479248},"id":10,"quat":{"y":0.01120382721464,"z":0.96071108837067,"x":-0.002993751840883,"w":0.27730798111001}}
{"steering":7.42275,"ts":1027.2874747,"pos":{"y":-118.92754364014,"x":49.728862762451,"z":32.132438659668},"id":11,"quat":{"y":0.0096755095889419,"z":0.99399611972496,"x":0.032025738015939,"w":0.10417509582642}}
{"steering":12.72375,"ts":1032.8658182,"pos":{"y":-113.58977508545,"x":71.207534790039,"z":28.902780532837},"id":12,"quat":{"y":0.012885546975031,"z":0.14455198687446,"x":0.040800867315368,"w":0.98857168429817}}
{"steering":-9.37305,"ts":1039.9587516,"pos":{"y":37.648639678955,"x":63.286315917969,"z":19.578796386719},"id":13,"quat":{"y":0.012882495974745,"z":-0.11177054816757,"x":0.035696803381107,"w":0.99300912588362}}
{"steering":-9.90855,"ts":1051.7280006,"pos":{"y":200.50634765625,"x":-53.550357818604,"z":15.62704372406},"id":14,"quat":{"y":0.0051118326371195,"z":-0.46452408394366,"x":-0.0080560683628919,"w":0.88550908768116}}
{"steering":-29.73915,"ts":1053.3026511,"pos":{"y":208.10131835938,"x":-62.557426452637,"z":15.844990730286},"id":15,"quat":{"y":0.0040193561028411,"z":-0.38110349059869,"x":-0.0094184900093767,"w":0.92447567100273}}
{"steering":-0.52875,"ts":1058.3736761,"pos":{"y":257.74450683594,"x":-72.038543701172,"z":17.343324661255},"id":16,"quat":{"y":-0.001302165942111,"z":0.02502193482566,"x":-0.0082132236202256,"w":0.99965231460704}}
{"steering":-9.90855,"ts":1067.9980375,"pos":{"y":281.34915161133,"x":-173.90515136719,"z":17.4420337677},"id":17,"quat":{"y":-0.020424262348078,"z":0.96171660429709,"x":0.015245892625001,"w":-0.27285817796959}}
{"steering":7.69725,"ts":1077.3607832,"pos":{"y":318.95614624023,"x":-222.08460998535,"z":17.499250411987},"id":18,"quat":{"y":-0.020664296871145,"z":0.21264789883525,"x":0.0025959565892636,"w":0.97690691417615}}
{"steering":-9.37305,"ts":1081.7295513,"pos":{"y":351.55987548828,"x":-232.12808227539,"z":17.608013153076},"id":19,"quat":{"y":0.0089901171070163,"z":-0.27553054472059,"x":0.0014850422087195,"w":0.96124913075124}}
{"steering":22.5153,"ts":1092.8235211,"pos":{"y":451.37353515625,"x":-339.5068359375,"z":18.620090484619},"id":20,"quat":{"y":-0.008961885355356,"z":-0.783734836386,"x":-0.0059123993897567,"w":0.6210027651946}}
{"steering":-54.40365,"ts":1102.6043123,"pos":{"y":351.86505126953,"x":-376.44952392578,"z":18.408195495605},"id":21,"quat":{"y":-0.016891694818821,"z":0.97023365686684,"x":-0.014858838857969,"w":0.24112348835553}}
{"steering":4.7862,"ts":1106.5991236,"pos":{"y":323.53704833984,"x":-389.09979248047,"z":19.225658416748},"id":22,"quat":{"y":0.014923615216514,"z":0.93602220515239,"x":0.003432911959024,"w":-0.35160763968664}}
{"steering":0.00675,"ts":1112.2807302,"pos":{"y":275.59799194336,"x":-399.0576171875,"z":20.596601486206},"id":23,"quat":{"y":0.0024952950323212,"z":0.9648785028045,"x":0.0135548870079,"w":0.26233473534143}}
{"steering":4.25025,"ts":1119.6775167,"pos":{"y":160.83505249023,"x":-335.3591003418,"z":20.034563064575},"id":24,"quat":{"y":-0.02159092884852,"z":0.98369616416179,"x":0.0077813246884353,"w":0.17836798869453}}
{"steering":6.10425,"ts":1124.6523226,"pos":{"y":61.816493988037,"x":-308.27224731445,"z":18.92565536499},"id":25,"quat":{"y":-0.0086372826354094,"z":0.99918774464468,"x":0.0054054846138613,"w":0.038987549764635}}
{"steering":-4.2777,"ts":1130.2339979,"pos":{"y":-18.781440734863,"x":-269.08981323242,"z":16.900518417358},"id":26,"quat":{"y":-0.029766766372332,"z":0.94142854495448,"x":0.0066182660237469,"w":0.33583095884605}}
{"steering":7.95825,"ts":1136.1618771,"pos":{"y":-115.20649719238,"x":-227.13107299805,"z":15.621532440186},"id":27,"quat":{"y":0.0032066165880178,"z":0.99239758145678,"x":-0.01314495363129,"w":0.12232729917244}}
{"steering":50.05035,"ts":1147.9701941,"pos":{"y":-169.04299926758,"x":-207.59368896484,"z":16.401134490967},"id":28,"quat":{"y":-0.0017936707001801,"z":0.91144969629984,"x":0.00014117401833053,"w":0.41140760072007}}
{"steering":5.30775,"ts":1149.6360033,"pos":{"y":-175.53677368164,"x":-198.85276794434,"z":16.683351516724},"id":29,"quat":{"y":0.026054410620853,"z":0.8919023056486,"x":-0.0020466583425385,"w":0.45147232036476}}
{"steering":11.66625,"ts":1159.4071182,"pos":{"y":-216.94309997559,"x":-156.06555175781,"z":17.701595306396},"id":30,"quat":{"y":-0.0039366739762067,"z":-0.67889163139186,"x":-0.028536954560775,"w":0.73367315450989}}
{"steering":-2.39625,"ts":1164.1871271,"pos":{"y":-207.06315612793,"x":-229.27095031738,"z":18.421552658081},"id":31,"quat":{"y":-0.0044425156841237,"z":-0.60303558079945,"x":-0.0084030848648286,"w":0.79765765871646}}
{"steering":-15.53895,"ts":1170.3765379,"pos":{"y":-168.33654785156,"x":-328.84585571289,"z":22.452043533325},"id":32,"quat":{"y":-0.014477746632335,"z":-0.40319018632808,"x":-0.044246299757791,"w":0.91393125204193}}
{"steering":38.1438,"ts":1176.8446968,"pos":{"y":-162.5129699707,"x":-353.41479492188,"z":25.567415237427},"id":33,"quat":{"y":0.013436163027304,"z":0.9874984602741,"x":-0.0043724140498887,"w":0.15699408420309}}
{"steering":4.25025,"ts":1185.8080099,"pos":{"y":-185.57382202148,"x":-359.62875366211,"z":27.667242050171},"id":34,"quat":{"y":-0.0001656108428993,"z":-0.37049259421359,"x":-0.021390752723597,"w":0.92858906191267}}
{"steering":-0.78975,"ts":1192.8780747,"pos":{"y":-137.79440307617,"x":-418.68292236328,"z":30.968545913696},"id":35,"quat":{"y":-0.0087959040868377,"z":-0.40025506351321,"x":-0.02535056194597,"w":0.91601084339235}}
{"steering":-0.25425,"ts":1204.6778885,"pos":{"y":-109.32713317871,"x":-455.59588623047,"z":36.591480255127},"id":36,"quat":{"y":0.073708492266875,"z":0.99639279707971,"x":0.0047102415849897,"w":-0.041788344303586}}
{"steering":-1.06425,"ts":1210.7799544,"pos":{"y":-180.54656982422,"x":-443.02578735352,"z":37.53214263916},"id":37,"quat":{"y":-0.034790022535906,"z":0.97302035460125,"x":0.0056059142533242,"w":0.22801231894131}}
{"steering":-1.86075,"ts":1213.1011485,"pos":{"y":-209.7992401123,"x":-433.21624755859,