{"steering":-21.69135,"ts":1648.5732852,"pos":{"y":-44.19095993042,"x":-428.57858276367,"z":31.223112106323},"id":1,"quat":{"y":-0.0011037282490182,"z":0.94101970672092,"x":0.0013831797719379,"w":0.33834712967681}}
{"steering":33.3783,"ts":1659.7641829,"pos":{"y":-85.175155639648,"x":-461.17669677734,"z":35.926307678223},"id":2,"quat":{"y":0.1136291497099,"z":0.88033474036549,"x":0.082413285022467,"w":-0.45310838846091}}
{"steering":-2.9322,"ts":1664.4755596,"pos":{"y":-115.3268737793,"x":-485.19970703125,"z":44.515544891357},"id":3,"quat":{"y":0.11992584190301,"z":0.9462182028856,"x":0.033739578038702,"w":-0.29858088660457}}
{"steering":39.4623,"ts":1670.9941892,"pos":{"y":-150.06617736816,"x":-496.89688110352,"z":48.846572875977},"id":4,"quat":{"y":-0.049975169586301,"z":0.99824409901506,"x":0.0015631562709375,"w":0.031760946914492}}
{"steering":2.39625,"ts":1674.9376839,"pos":{"y":-165.08364868164,"x":-492.47500610352,"z":47.616432189941},"id":5,"quat":{"y":-0.044789818269585,"z":0.98162127553535,"x":0.0053151914517301,"w":0.18543271646493}}
{"steering":21.7188,"ts":1685.1733666,"pos":{"y":-193.11024475098,"x":-471.97573852539,"z":43.989860534668},"id":6,"quat":{"y":-0.020019607733837,"z":0.30479790741212,"x":0.060600427785939,"w":0.95027629618735}}
{"steering":27.5553,"ts":1692.2993943,"pos":{"y":-157.15277099609,"x":-453.97103881836,"z":38.845733642578},"id":7,"quat":{"y":-0.0017685981808878,"z":-0.0030469528799587,"x":-0.0007002997531276,"w":0.99999354883863}}
{"steering":-8.3016,"ts":1703.1242202,"pos":{"y":-110.15891265869,"x":-444.10873413086,"z":35.039859771729},"id":8,"quat":{"y":-0.031012823577816,"z":0.96698784513986,"x":0.0020422445074665,"w":0.25292002958027}}
{"steering":12.72375,"ts":1709.4150769,"pos":{"y":-152.0771484375,"x":-400.86834716797,"z":29.845918655396},"id":9,"quat":{"y":-0.014090404808423,"z":0.87986357525367,"x":0.0055990732627618,"w":0.47498442060004}}
{"steering":-19.0134,"ts":1713.8952836,"pos":{"y":-167.78399658203,"x":-393.16198730469,"z":30.078296661377},"id":10,"quat":{"y":0.045459440867629,"z":0.99889766356408,"x":0.00090225532838249,"w":0.011665457451167}}
{"steering":-30.00015,"ts":1720.8564149,"pos":{"y":-247.56112670898,"x":-397.3508605957,"z":34.308967590332},"id":11,"quat":{"y":0.034630295593158,"z":0.98107563051422,"x":0.014148282015947,"w":-0.18997677740778}}
{"steering":-3.2067,"ts":1728.1673036,"pos":{"y":-280.63833618164,"x":-399.06140136719,"z":35.410015106201},"id":12,"quat":{"y":0.0054671073446533,"z":0.91865459443647,"x":0.0018788617546477,"w":0.3950193877983}}
{"steering":-16.87095,"ts":1733.4551272,"pos":{"y":-323.2067565918,"x":-364.60971069336,"z":33.633026123047},"id":13,"quat":{"y":-0.016972121231305,"z":0.96972682837107,"x":0.0098045604043251,"w":0.24340438786837}}
{"steering":28.0773,"ts":1741.7318827,"pos":{"y":-310.82928466797,"x":-340.78366088867,"z":29.672998428345},"id":14,"quat":{"y":0.004377461340622,"z":-0.076920327758848,"x":0.016095644912955,"w":0.99689770349044}}
{"steering":72.29790001,"ts":1752.0961872,"pos":{"y":-260.65286254883,"x":-349.39828491211,"z":28.13657951355},"id":15,"quat":{"y":-0.0062311147409901,"z":-0.47889228781207,"x":-0.0012261183340037,"w":0.87785069716726}}
{"steering":50.58585,"ts":1761.8542097,"pos":{"y":-230.66670227051,"x":-365.07672119141,"z":27.934072494507},"id":16,"quat":{"y":0.0068345511097299,"z":-0.1253829788219,"x":0.022003485711209,"w":0.99184083609692}}
{"steering":-36.16605,"ts":1767.9214763,"pos":{"y":-192.14938354492,"x":-366.67953491211,"z":27.483196258545},"id":17,"quat":{"y":0.0086225671160413,"z":0.29418623040046,"x":-0.0067966955564781,"w":0.95568505173441}}
{"steering":-105.5871,"ts":1772.3332411,"pos":{"y":-190.99490356445,"x":-355.34158325195,"z":27.420589447021},"id":18,"quat":{"y":-0.020931692888689,"z":0.86849480490895,"x":0.02466823564561,"w":0.49464140165286}}
{"steering":-29.46420002,"ts":1778.5822915,"pos":{"y":-178.52038574219,"x":-347.59066772461,"z":26.026544570923},"id":19,"quat":{"y":0.0049341090877889,"z":-0.21281212225931,"x":0.012933534851869,"w":0.97699507617144}}
{"steering":-8.83710001,"ts":1785.0685922,"pos":{"y":-157.35902404785,"x":-340.90167236328,"z":23.927621841431},"id":20,"quat":{"y":-0.023440219617702,"z":0.92814057689318,"x":0.012136547293734,"w":0.37129278184264}}
{"steering":0.00675,"ts":1790.1226867,"pos":{"y":-196.10667419434,"x":-273.31790161133,"z":19.526065826416},"id":21,"quat":{"y":-0.023265929117125,"z":0.78711879145754,"x":0.021972615185221,"w":0.61597070454581}}
{"steering":-6.68115,"ts":1794.8881266,"pos":{"y":-216.58633422852,"x":-168.1682434082,"z":17.870643615723},"id":22,"quat":{"y":-0.025295291514134,"z":0.74487627354903,"x":-0.0090179901000026,"w":0.66666195420578}}
{"steering":5.56875,"ts":1798.2796136,"pos":{"y":-227.73304748535,"x":-121.92999267578,"z":17.858015060425},"id":23,"quat":{"y":0.028358276125135,"z":0.80506854653824,"x":0.015001124465419,"w":0.59231360765628}}
{"steering":-9.37305,"ts":1801.4749778,"pos":{"y":-238.42137145996,"x":-70.645736694336,"z":18.868068695068},"id":24,"quat":{"y":0.015003662023191,"z":0.80930060102003,"x":0.0047707516102832,"w":0.58718367419709}}
{"steering":3.19275,"ts":1806.3336974,"pos":{"y":-269.34729003906,"x":-8.3112154006958,"z":20.037717819214},"id":25,"quat":{"y":-0.01765065145096,"z":0.88343887340285,"x":-0.013736624960444,"w":0.46801230389677}}
{"steering":38.4048,"ts":1814.3733554,"pos":{"y":-307.47268676758,"x":-18.985868453979,"z":17.642009735107},"id":26,"quat":{"y":0.031128244509486,"z":-0.72866764320166,"x":-0.0051484469436333,"w":0.68414033037}}
{"steering":-6.68114999,"ts":1819.2379353,"pos":{"y":-325.84780883789,"x":-19.618274688721,"z":16.158853530884},"id":27,"quat":{"y":-0.026194674078123,"z":0.87118341423498,"x":-0.0077431068525852,"w":0.49019724816455}}
{"steering":-29.73915,"ts":1826.2137171,"pos":{"y":-379.12356567383,"x":34.616790771484,"z":17.899049758911},"id":28,"quat":{"y":0.036867562632837,"z":0.97508726798923,"x":-0.035461193955535,"w":0.21584278156578}}
{"steering":4.25025,"ts":1833.000909,"pos":{"y":-403.96060180664,"x":55.4352684021,"z":18.704805374146},"id":29,"quat":{"y":0.038798600979664,"z":0.23087634188837,"x":-0.052151704455351,"w":0.97080944733798}}
{"steering":-16.87095,"ts":1839.261141,"pos":{"y":-349.22979736328,"x":123.77074432373,"z":23.482915878296},"id":30,"quat":{"y":0.06192374967554,"z":0.54402329707237,"x":0.012001836985711,"w":0.83669591691223}}
{"steering":24.6303,"ts":1847.3143863,"pos":{"y":-316.25738525391,"x":238.85084533691,"z":28.029447555542},"id":31,"quat":{"y":0.0088351594414943,"z":0.56642264964932,"x":0.031280137014016,"w":0.82347366378669}}
{"steering":1.0782,"ts":1851.0035444,"pos":{"y":-292.49887084961,"x":283.71987915039,"z":32.534381866455},"id":32,"quat":{"y":0.029388306362682,"z":0.52910620073373,"x":-0.027328311861788,"w":0.84760611085872}}
{"steering":36.2898,"ts":1863.2066479,"pos":{"y":-214.70985412598,"x":363.70355224609,"z":45.021148681641},"id":33,"quat":{"y":-0.0016632945490136,"z":-0.10165844097661,"x":-0.031936911999617,"w":0.99430519886068}}
{"steering":-1.32525,"ts":1869.2668341,"pos":{"y":-177.01745605469,"x":368.49890136719,"z":48.030113220215},"id":34,"quat":{"y":-0.0073351895910156,"z":0.35355695076734,"x":-0.034996266288222,"w":0.93472933991806}}
{"steering":20.6613,"ts":1877.8129927,"pos":{"y":-147.88597106934,"x":377.95962524414,"z":53.547451019287},"id":35,"quat":{"y":0.019103056535825,"z":-0.82737260326351,"x":-0.0035676458165327,"w":0.56131713006399}}
{"steering":-5.61015,"ts":1882.8959785,"pos":{"y":-178.32774353027,"x":325.15902709961,"z":54.430606842041},"id":36,"quat":{"y":0.031810555049845,"z":0.88790781864742,"x":0.020479125994105,"w":-0.45846308419624}}
{"steering":5.568750019,"ts":1887.3120845,"pos":{"y":-205.36158752441,"x":278.08233642578,"z":52.524394989014},"id":37,"quat":{"y":0.073522219736788,"z":-0.83757829246184,"x":0.050726015889032,"w":0.53896563760012}}
{"steering":8.75475,"ts":1894.4088643,"pos":{"y":-208.28721618652,