{"steering":5.8158,"ts":1326.5764534,"pos":{"y":6023.216796875,"x":7698.0439453125,"z":86.216018676758},"id":1,"quat":{"y":-0.032237772058354,"z":-0.8312479245044,"x":-0.0096225944088411,"w":0.55488288830769}}
{"steering":5.23935,"ts":1327.4765918,"pos":{"y":6023.216796875,"x":7698.0439453125,"z":86.216018676758},"id":2,"quat":{"y":-0.032240692601825,"z":-0.83125606874498,"x":-0.009619475111869,"w":0.55487057194788}}
{"steering":-3.673800003,"ts":1333.7294678,"pos":{"y":6019.0649414063,"x":7686.8540039063,"z":87.059967041016},"id":3,"quat":{"y":-0.042153024112355,"z":-0.81495741616352,"x":-0.0098874000243017,"w":0.57790117816027}}
{"steering":-9.455399998,"ts":1339.403042,"pos":{"y":6005.4291992188,"x":7647.8544921875,"z":89.714881896973},"id":4,"quat":{"y":-0.021980014416158,"z":-0.81218599587312,"x":-0.017308199492046,"w":0.58272739192885}}
{"steering":-19.65915,"ts":1345.6917759,"pos":{"y":6003.7392578125,"x":7577.5454101563,"z":91.902130126953},"id":5,"quat":{"y":-0.04420326019999,"z":-0.59408894309157,"x":-0.001246486008476,"w":0.80318294662964}}
{"steering":6.62625,"ts":1356.6015777,"pos":{"y":6064.9345703125,"x":7416.728515625,"z":102.33584594727},"id":6,"quat":{"y":-0.024654303995717,"z":-0.67364159744432,"x":-0.038069018249913,"w":0.73766517698522}}
{"steering":-4.1544,"ts":1363.1392902,"pos":{"y":6076.109375,"x":7309.26171875,"z":111.68002319336},"id":7,"quat":{"y":-0.057041633855971,"z":-0.606264020766,"x":-0.015513417944992,"w":0.79306337892715}}
{"steering":-10.2654,"ts":1369.708895,"pos":{"y":6086.732421875,"x":7215.2573242188,"z":123.04053497314},"id":8,"quat":{"y":-0.040365682014608,"z":-0.75935603955944,"x":-0.035140460791923,"w":0.64847063535324}}
{"steering":-5.82975,"ts":1373.0488754,"pos":{"y":6089.1567382813,"x":7167.5024414063,"z":127.90544128418},"id":9,"quat":{"y":-0.047092697023736,"z":-0.60780060912027,"x":-0.038923564538694,"w":0.79173584835074}}
{"steering":0.00675,"ts":1379.1534435,"pos":{"y":6089.814453125,"x":7085.4658203125,"z":137.86041259766},"id":10,"quat":{"y":-0.026145695216697,"z":-0.79644349115917,"x":-0.040400665411917,"w":0.60279511796804}}
{"steering":-25.6878,"ts":1381.2899127,"pos":{"y":6084.2514648438,"x":7059.0620117188,"z":139.95043945313},"id":11,"quat":{"y":-0.027162739500235,"z":-0.74026773173088,"x":-0.026772682813449,"w":0.67122953927537}}
{"steering":-3.6873,"ts":1383.8913407,"pos":{"y":6085.0786132813,"x":7026.4990234375,"z":142.51274108887},"id":12,"quat":{"y":-0.043215273527793,"z":-0.67649195514144,"x":-0.016596939860009,"w":0.73499361653699}}
{"steering":-22.59765,"ts":1393.8990407,"pos":{"y":6115.216796875,"x":6930.693359375,"z":154.91456604004},"id":13,"quat":{"y":-0.016074294322039,"z":-0.14370451171626,"x":-0.039033306887591,"w":0.98871989528271}}
{"steering":17.2692,"ts":1403.3397373,"pos":{"y":6216.8486328125,"x":6913.0986328125,"z":159.28549194336},"id":14,"quat":{"y":-0.0088085841832869,"z":-0.068744166154304,"x":0.0052602153347809,"w":0.99758156488533}}
{"steering":13.2318,"ts":1406.8433341,"pos":{"y":6254.8403320313,"x":6901.0737304688,"z":159.21734619141},"id":15,"quat":{"y":-0.018054130677149,"z":-0.21504033534552,"x":0.014919704168272,"w":0.97632428268865}}
{"steering":16.1433,"ts":1409.2455375,"pos":{"y":6280.2421875,"x":6887.6674804688,"z":159.27117919922},"id":16,"quat":{"y":-0.0057506868566412,"z":-0.26697921388208,"x":-0.0035318387368958,"w":0.96367865757768}}
{"steering":10.96605,"ts":1414.0986252,"pos":{"y":6311.7094726563,"x":6848.2231445313,"z":161.61408996582},"id":17,"quat":{"y":-0.0058999608579809,"z":-0.58024329632726,"x":-0.028598001505883,"w":0.81391956718033}}
{"steering":0.8720999985,"ts":1416.2672467,"pos":{"y":6319.3125,"x":6822.9506835938,"z":162.85041809082},"id":18,"quat":{"y":-0.016589689841209,"z":-0.60156595978194,"x":-0.015230650031878,"w":0.79850560769616}}
{"steering":-3.851999997,"ts":1421.4710962,"pos":{"y":6346.0263671875,"x":6765.8735351563,"z":165.99345397949},"id":19,"quat":{"y":-0.032212384478749,"z":-0.4686859106368,"x":-0.010523654935294,"w":0.88271463800231}}
{"steering":-2.410200001,"ts":1425.808491,"pos":{"y":6378.7446289063,"x":6726.8481445313,"z":168.02169799805},"id":20,"quat":{"y":-0.035195510959785,"z":-0.34364039448058,"x":-0.0040129923660682,"w":0.93843297639298}}
{"steering":6.035850002,"ts":1431.8792446,"pos":{"y":6431.9487304688,"x":6669.953125,"z":168.91288757324},"id":21,"quat":{"y":-0.002451833458205,"z":-0.45655562749081,"x":0.0040267601125391,"w":0.88968237743712}}
{"steering":6.6123,"ts":1439.0525657,"pos":{"y":6477.7416992188,"x":6592.2416992188,"z":170.40908813477},"id":22,"quat":{"y":-0.01215885324102,"z":-0.53479171212168,"x":-0.0004238469567489,"w":0.84489632931359}}
{"steering":8.7273,"ts":1448.5446977,"pos":{"y":6539.42578125,"x":6505.1323242188,"z":172.69291687012},"id":23,"quat":{"y":-0.090872059523108,"z":-0.25822744160742,"x":0.0073764475328935,"w":0.96177255378843}}
{"steering":7.807050001,"ts":1462.6031536,"pos":{"y":6683.7963867188,"x":6394.9370117188,"z":179.21092224121},"id":24,"quat":{"y":-0.0044545825660233,"z":-0.44679808665851,"x":-0.021249372803971,"w":0.89437133820796}}
{"steering":8.3979,"ts":1473.1302536,"pos":{"y":6762.4326171875,"x":6310.4018554688,"z":184.67276000977},"id":25,"quat":{"y":0.0047839839994285,"z":-0.27846299178148,"x":-0.0056082823437113,"w":0.96041867061941}}
{"steering":16.7886,"ts":1477.9689144,"pos":{"y":6786.7177734375,"x":6266.94921875,"z":187.33901977539},"id":26,"quat":{"y":-0.037023725574315,"z":-0.68145561108338,"x":-0.026278265757751,"w":0.73044982484517}}
{"steering":-2.0529,"ts":1490.0948426,"pos":{"y":6804.583984375,"x":6117.6889648438,"z":202.51002502441},"id":27,"quat":{"y":-0.018903421206139,"z":-0.57644043583557,"x":0.015433069052811,"w":0.81677469658408}}
{"steering":-2.0394,"ts":1499.1359117,"pos":{"y":6849.4462890625,"x":5989.4599609375,"z":206.52253723145},"id":28,"quat":{"y":-0.037195049342275,"z":-0.58480753468132,"x":-0.017939255820145,"w":0.81012027427105}}
{"steering":-7.25805,"ts":1506.4723258,"pos":{"y":6867.1279296875,"x":5890.6313476563,"z":202.78056335449},"id":29,"quat":{"y":0.037341527184965,"z":-0.70288408108073,"x":0.040954711199908,"w":0.70914193962938}}
{"steering":-1.47645,"ts":1509.9613498,"pos":{"y":6873.3754882813,"x":5842.5454101563,"z":199.8675994873},"id":30,"quat":{"y":0.014885557220138,"z":-0.6159202316575,"x":-0.0017353483817617,"w":0.7876659678996}}
{"steering":6.9282,"ts":1513.8647844,"pos":{"y":6881.5576171875,"x":5793.365234375,"z":199.22457885742},"id":31,"quat":{"y":0.01658568350997,"z":-0.6824858463986,"x":-0.028536556282245,"w":0.73015316853634}}
{"steering":1.00935,"ts":1519.9038735,"pos":{"y":6884.58203125,"x":5712.16015625,"z":202.95191955566},"id":32,"quat":{"y":0.002707133439646,"z":-0.6947285734878,"x":-0.0067382040422853,"w":0.71923534202264}}
{"steering":2.5614,"ts":1525.0066242,"pos":{"y":6888.0893554688,"x":5637.6245117188,"z":202.38348388672},"id":33,"quat":{"y":0.018864148324245,"z":-0.68863688483127,"x":0.023037431362484,"w":0.72449476293077}}
{"steering":-24.23205,"ts":1537.5817587,"pos":{"y":6936.265625,"x":5538.509765625,"z":207.29295349121},"id":34,"quat":{"y":-0.0046859671588237,"z":0.12690373605143,"x":-0.016233092780903,"w":0.99177112792556}}
{"steering":35.4384,"ts":1541.3205775,"pos":{"y":6970.1088867188,"x":5546.8305664063,"z":207.18734741211},"id":35,"quat":{"y":0.014014799305184,"z":0.013957227300434,"x":0.012734197262351,"w":0.99972327242423}}
{"steering":21.2247,"ts":1545.9218676,"pos":{"y":7015.8173828125,"x":5533.9956054688,"z":206.45202636719},"id":36,"quat":{"y":6.7390256313731e-05,"z":-0.25675417541147,"x":0.00012156887622888,"w":0.96647673230572}}
