{"steering":0.2817,"ts":248.2092805,"pos":{"y":506.03625488281,"x":498.96014404297,"z":69.384223937988},"id":1,"quat":{"y":0.022335018868727,"z":0.96567970751129,"x":0.0068892504786121,"w":-0.2586820203665}}
{"steering":1.0782,"ts":252.5523969,"pos":{"y":506.03622436523,"x":498.96017456055,"z":69.384239196777},"id":2,"quat":{"y":0.022340658878395,"z":0.9656827705053,"x":0.0068790767300774,"w":-0.25867036941527}}
{"steering":-9.0981,"ts":265.1683857,"pos":{"y":452.26739501953,"x":471.02819824219,"z":66.773132324219},"id":3,"quat":{"y":-0.082232379074318,"z":0.97331489814732,"x":-0.0094663387948405,"w":-0.21402414187673}}
{"steering":-13.122,"ts":270.1017677,"pos":{"y":417.15975952148,"x":446.20498657227,"z":62.443328857422},"id":4,"quat":{"y":-0.034951577848998,"z":0.92727211109373,"x":0.0059521854952234,"w":-0.37270550127612}}
{"steering":13.24575,"ts":279.6331303,"pos":{"y":370.47235107422,"x":412.15127563477,"z":58.110084533691},"id":5,"quat":{"y":-0.011200850993294,"z":0.97759531832441,"x":0.016465049474286,"w":-0.2095491271111}}
{"steering":-9.90855,"ts":286.4296593,"pos":{"y":333.10134887695,"x":409.39505004883,"z":56.606800079346},"id":6,"quat":{"y":-0.027405960425685,"z":0.99755508251193,"x":0.0026920013037536,"w":0.064230240671678}}
{"steering":14.31675,"ts":297.4399986,"pos":{"y":252.16754150391,"x":424.13897705078,"z":56.605480194092},"id":7,"quat":{"y":0.044784495077383,"z":0.94155384204995,"x":-0.032037716271225,"w":0.33233160586644}}
{"steering":2.1357,"ts":305.0307665,"pos":{"y":219.03985595703,"x":435.05056762695,"z":57.884635925293},"id":8,"quat":{"y":-0.029340774864389,"z":0.99397032391424,"x":0.0075356846469607,"w":-0.10538181800047}}
{"steering":-19.0134,"ts":310.8657876,"pos":{"y":193.94856262207,"x":436.59219360352,"z":56.853309631348},"id":9,"quat":{"y":-0.0082023477762173,"z":0.98521531603204,"x":-0.016418224977653,"w":0.17033480101091}}
{"steering":0.2817,"ts":320.3399333,"pos":{"y":199.12783813477,"x":412.11209106445,"z":50.960258483887},"id":10,"quat":{"y":-0.020638511046425,"z":-0.017271282100572,"x":0.036423730286769,"w":0.99897400694332}}
{"steering":-1.32525,"ts":326.357164,"pos":{"y":223.61457824707,"x":393.73150634766,"z":48.271980285645},"id":11,"quat":{"y":0.0208493478214,"z":-0.45180038832238,"x":0.023306635996079,"w":0.891570812962}}
{"steering":-10.70505,"ts":337.4438607,"pos":{"y":259.65032958984,"x":314.76153564453,"z":38.43775177002},"id":12,"quat":{"y":0.00098829120474575,"z":-0.19187704093274,"x":0.053777463577282,"w":0.97994398250848}}
{"steering":13.52025,"ts":346.9548899,"pos":{"y":348.99865722656,"x":298.10290527344,"z":32.814350128174},"id":13,"quat":{"y":-0.00080586189149287,"z":0.022020801435684,"x":0.03928506708379,"w":0.99898504412977}}
{"steering":47.67435,"ts":353.5502586,"pos":{"y":357.85922241211,"x":278.83245849609,"z":29.131193161011},"id":14,"quat":{"y":-0.031784622893192,"z":0.99889511654505,"x":0.0053170803311483,"w":-0.034205446156286}}
{"steering":3.71475,"ts":358.0310234,"pos":{"y":336.22506713867,"x":261.94662475586,"z":27.349342346191},"id":15,"quat":{"y":0.02506199443528,"z":-0.86395445731873,"x":0.039429388043046,"w":0.50139796117713}}
{"steering":10.07325,"ts":363.9092807,"pos":{"y":291.52981567383,"x":234.16819763184,"z":24.607740402222},"id":16,"quat":{"y":-0.010250435710694,"z":0.9999474125466,"x":0.00026715170442604,"w":-0.00017128652955761}}
{"steering":0.2817,"ts":368.8210497,"pos":{"y":233.70211791992,"x":225.93472290039,"z":24.382621765137},"id":17,"quat":{"y":-0.014579035466532,"z":0.99175933129521,"x":-0.003069188042138,"w":-0.12724567025442}}
{"steering":11.13075,"ts":381.4852574,"pos":{"y":72.274841308594,"x":210.83441162109,"z":25.467218399048},"id":18,"quat":{"y":-0.014229903301116,"z":0.97353131592351,"x":-0.021611609898308,"w":0.22708418061564}}
{"steering":-26.25075,"ts":388.0148023,"pos":{"y":47.919570922852,"x":209.21166992188,"z":23.722545623779},"id":19,"quat":{"y":0.0021994791634698,"z":-0.49378051994331,"x":0.033694832410948,"w":0.86893073296133}}
{"steering":10.86975,"ts":395.769498,"pos":{"y":95.944999694824,"x":145.66426086426,"z":17.889213562012},"id":20,"quat":{"y":0.0098662888767197,"z":-0.60010706838521,"x":0.0215987397564,"w":0.79956716869744}}
{"steering":11.66625,"ts":401.7483999,"pos":{"y":87.187438964844,"x":126.1097869873,"z":17.395282745361},"id":21,"quat":{"y":0.021384453723009,"z":0.98782685863461,"x":0.0045358036070194,"w":0.15401372985773}}
{"steering":-22.22685,"ts":408.4376208,"pos":{"y":41.00004196167,"x":170.04531860352,"z":18.587051391602},"id":22,"quat":{"y":0.0050196534696332,"z":0.92920788767317,"x":0.004386806091072,"w":0.36949730783503}}
{"steering":41.57685,"ts":412.9310474,"pos":{"y":14.042965888977,"x":183.0259552002,"z":19.043174743652},"id":23,"quat":{"y":-0.0013417102609244,"z":0.95826218625717,"x":0.0027061940265854,"w":0.28587490046714}}
{"steering":-30.54915,"ts":417.2952481,"pos":{"y":-2.6214761734009,"x":210.95376586914,"z":20.770845413208},"id":24,"quat":{"y":0.037240815295696,"z":0.84590967604588,"x":-0.023128317851426,"w":0.53152142248589}}
{"steering":23.05125,"ts":422.9727528,"pos":{"y":-43.587558746338,"x":232.48585510254,"z":26.347093582153},"id":25,"quat":{"y":0.061070190317853,"z":0.99155947731121,"x":-0.011976235566355,"w":0.11374007469015}}
{"steering":-12.8475,"ts":430.7672053,"pos":{"y":-101.11781311035,"x":221.56552124023,"z":34.335243225098},"id":26,"quat":{"y":0.055920613021846,"z":0.89035803488415,"x":-0.0043580694334592,"w":-0.451792498817}}
{"steering":9.276750007,"ts":438.056962,"pos":{"y":-159.20149230957,"x":195.11131286621,"z":38.018558502197},"id":27,"quat":{"y":0.019561786583371,"z":0.99001430488932,"x":-0.00564086226585,"w":0.13948904363099}}
{"steering":4.7862,"ts":444.9714476,"pos":{"y":-205.19721984863,"x":211.76156616211,"z":43.008785247803},"id":28,"quat":{"y":0.051929108578843,"z":0.97551027572843,"x":-0.037779416916149,"w":0.21037059035884}}
{"steering":18.28574999,"ts":452.6584305,"pos":{"y":-221.78804016113,"x":238.13188171387,"z":47.67308807373},"id":29,"quat":{"y":0.024777781701524,"z":0.66082090852107,"x":-0.031327828710197,"w":0.74948005680181}}
{"steering":-1.86075,"ts":463.7910617,"pos":{"y":-175.85911560059,"x":327.37881469727,"z":54.201927185059},"id":30,"quat":{"y":0.00054434369591771,"z":0.45945673793402,"x":0.041705352963659,"w":0.8872203070214}}
{"steering":-0.25425,"ts":469.2147034,"pos":{"y":-149.68893432617,"x":376.61196899414,"z":53.495494842529},"id":31,"quat":{"y":-0.026613664596237,"z":0.52728385590636,"x":-0.0031240973766522,"w":0.849266558963}}
{"steering":12.98474999,"ts":475.527051,"pos":{"y":-157.83645629883,"x":387.86828613281,"z":50.901706695557},"id":32,"quat":{"y":-0.026368202120088,"z":0.88687271506651,"x":-0.04290988845246,"w":-0.45926054333081}}
{"steering":-5.0742,"ts":483.8113061,"pos":{"y":-215.77558898926,"x":362.20056152344,"z":45.033470153809},"id":33,"quat":{"y":-0.047407743587547,"z":0.98575848526932,"x":0.022079519220853,"w":0.15982868765789}}
{"steering":4.250249986,"ts":488.7212623,"pos":{"y":-250.1106262207,"x":351.36001586914,"z":43.029705047607},"id":34,"quat":{"y":-0.0030020697447447,"z":0.91317683161426,"x":-0.066793712288662,"w":-0.40204186570416}}
{"steering":-7.4916,"ts":500.5078923,"pos":{"y":-309.16931152344,"x":254.24931335449,"z":29.262870788574},"id":35,"quat":{"y":0.011986812140136,"z":-0.84867022526387,"x":0.060123868073292,"w":0.52535729325212}}
{"steering":8.75475,"ts":508.5683721,"pos":{"y":-324.50030517578,"x":204.31838989258,"z":26.686317443848},"id":36,"quat":{"y":-0.032352202888391,"z":-0.80612813155388,"x":0.053833631620403,"w":0.58839842844137}}
{"steering":8.480249975,"ts":518.8304823,"pos":{"y":-363.53671264648,"x":93.78800201416,"z":21.530094146729},"id":37,"quat":{"y":0.033698008721739,"z":-0.85610092786245,"x":0.0018123330397345,"w":0.51570569220263}}
{"steering":2.9322,"ts":523.9809006,"pos":{"y":-400.6217956543,"x":56.820762634277,"z":18.906723022461},"id":38,"quat":{"y":-0.014561255496026,"z":0.97545859878922,