{"steering":58.77522,"ts":2175.4477632,"pos":{"y":951.23834228516,"x":-981.57781982422,"z":392.88754272461},"id":1,"quat":{"y":-0.015240940052434,"z":-0.020687061852664,"x":-0.023441648317822,"w":0.99939494112306}}
{"steering":321.59376,"ts":2185.1216941,"pos":{"y":958.14038085938,"x":-1041.5430908203,"z":397.77249145508},"id":2,"quat":{"y":-0.014270231532588,"z":-0.78035734497435,"x":0.0031242547054975,"w":0.62516318963061}}
{"steering":-38.91672,"ts":2191.819435,"pos":{"y":916.36578369141,"x":-1042.7847900391,"z":395.64138793945},"id":3,"quat":{"y":-0.048625118268446,"z":0.9968627579002,"x":0.027559270102135,"w":-0.056042184258087}}
{"steering":-238.71726,"ts":2199.691049,"pos":{"y":849.48364257813,"x":-1043.2169189453,"z":390.35269165039},"id":4,"quat":{"y":-0.022436525761443,"z":0.99795597866044,"x":0.01290307957367,"w":-0.058429252135822}}
{"steering":136.72422,"ts":2207.1468574,"pos":{"y":846.47900390625,"x":-1068.4758300781,"z":388.60025024414},"id":5,"quat":{"y":0.021454745980498,"z":-0.75287334030652,"x":0.021883339209769,"w":0.65745155471384}}
{"steering":-100.17216,"ts":2219.0909627,"pos":{"y":733.34136962891,"x":-1087.4360351563,"z":377.76873779297},"id":6,"quat":{"y":-0.041756675528029,"z":0.95535222719141,"x":-0.013535156445403,"w":-0.29219052275744}}
{"steering":71.44794,"ts":2229.576325,"pos":{"y":721.22064208984,"x":-1209.0710449219,"z":368.91732788086},"id":7,"quat":{"y":0.014464906331133,"z":-0.86221862110155,"x":0.015439839367641,"w":0.5060942869376}}
{"steering":91.24002,"ts":2234.7922178,"pos":{"y":664.72705078125,"x":-1229.0780029297,"z":366.05520629883},"id":8,"quat":{"y":-0.02425980498144,"z":0.96812060444256,"x":0.028422591448534,"w":0.24768147571302}}
{"steering":-186.55866,"ts":2243.8647163,"pos":{"y":667.89465332031,"x":-1126.5928955078,"z":359.39855957031},"id":9,"quat":{"y":-0.051991873115343,"z":0.87161883804658,"x":0.021025353001717,"w":0.48696548216833}}
{"steering":166.88214,"ts":2251.0957478,"pos":{"y":612.30090332031,"x":-1177.07421875,"z":350.60784912109},"id":10,"quat":{"y":-0.0344202946657,"z":0.98553284980674,"x":-0.014929469083428,"w":-0.16527963038383}}
{"steering":8.46234,"ts":2258.4567269,"pos":{"y":608.04663085938,"x":-1098.583984375,"z":341.77502441406},"id":11,"quat":{"y":-0.046077209619914,"z":0.73852103289492,"x":-0.0044574990349521,"w":0.67263935762622}}
{"steering":32.16024,"ts":2262.2136038,"pos":{"y":600.29833984375,"x":-1021.5380859375,"z":338.77169799805},"id":12,"quat":{"y":0.012595534458381,"z":0.69488275748091,"x":0.013758226862252,"w":0.71888108687115}}
{"steering":23.57424,"ts":2266.1514038,"pos":{"y":630.04357910156,"x":-926.41235351563,"z":329.92404174805},"id":13,"quat":{"y":-0.013043965880818,"z":0.49570702588168,"x":0.060321670217939,"w":0.86629423151015}}
{"steering":4.6062,"ts":2270.8427153,"pos":{"y":703.39031982422,"x":-831.19207763672,"z":316.68023681641},"id":14,"quat":{"y":-0.010705856460622,"z":0.47545968371863,"x":0.044599740838074,"w":0.87854102744994}}
{"steering":-139.21254,"ts":2276.771632,"pos":{"y":769.79113769531,"x":-745.17315673828,"z":308.9079284668},"id":15,"quat":{"y":-0.030467246790007,"z":0.70753618692696,"x":0.011430462794699,"w":0.70592750023086}}
{"steering":16.61958,"ts":2287.1818731,"pos":{"y":662.39007568359,"x":-835.82281494141,"z":300.98574829102},"id":16,"quat":{"y":-0.020800252258177,"z":0.95078627276692,"x":0.043876426052103,"w":-0.30601907172737}}
{"steering":-29.14434,"ts":2291.2898845,"pos":{"y":575.70526123047,"x":-870.59918212891,"z":295.24313354492},"id":17,"quat":{"y":-0.015076653792549,"z":0.97407117440363,"x":-0.038033117369803,"w":-0.22251185067204}}
{"steering":28.55142,"ts":2300.5669025,"pos":{"y":431.99270629883,"x":-992.99584960938,"z":291.68145751953},"id":18,"quat":{"y":-0.031794855881188,"z":0.93743054122787,"x":-0.014444688765636,"w":-0.34641653898044}}
{"steering":32.4405,"ts":2305.6888497,"pos":{"y":369.46484375,"x":-1021.2396850586,"z":292.60751342773},"id":19,"quat":{"y":-0.0025295991058012,"z":0.99454687842332,"x":0.023681772052877,"w":-0.10153463162499}}
{"steering":-87.40008,"ts":2308.9662238,"pos":{"y":324.96127319336,"x":-1022.0365600586,"z":292.15368652344},"id":20,"quat":{"y":-0.013008673591166,"z":0.99433697021464,"x":-0.017251006050192,"w":-0.10405367300592}}
{"steering":44.78382,"ts":2318.2484192,"pos":{"y":175.33535766602,"x":-1116.2440185547,"z":289.37814331055},"id":21,"quat":{"y":-0.012692832353337,"z":0.96916787525052,"x":0.0054048406072104,"w":-0.24601485582633}}
{"steering":88.86726,"ts":2322.439775,"pos":{"y":117.42351531982,"x":-1123.3153076172,"z":288.16241455078},"id":22,"quat":{"y":-0.016962601282579,"z":0.97531419425403,"x":0.040527882366074,"w":0.21640698555099}}
{"steering":57.5721,"ts":2327.7687058,"pos":{"y":89.325958251953,"x":-1048.2685546875,"z":285.82312011719},"id":23,"quat":{"y":0.021053636740648,"z":0.65959275033157,"x":0.031208289281986,"w":0.75067981907743}}
{"steering":-128.69874,"ts":2334.2539929,"pos":{"y":150.09199523926,"x":-972.79315185547,"z":285.23303222656},"id":24,"quat":{"y":-0.010826753239768,"z":0.61812306036921,"x":0.0021352178143053,"w":0.78600388325948}}
{"steering":134.05446,"ts":2345.7017211,"pos":{"y":-11.149753570557,"x":-955.43450927734,"z":276.79022216797},"id":25,"quat":{"y":-0.0022823342515869,"z":0.99084039226619,"x":0.029563247185807,"w":0.1317426370617}}
{"steering":-28.60056,"ts":2352.2444538,"pos":{"y":-8.4568901062012,"x":-893.71832275391,"z":276.43893432617},"id":26,"quat":{"y":-0.0022759929900833,"z":0.70562063793624,"x":0.0017024078270842,"w":0.7085841072039}}
{"steering":-148.96872,"ts":2355.2023017,"pos":{"y":-18.55234336853,"x":-856.34527587891,"z":277.01766967773},"id":27,"quat":{"y":0.010468327790877,"z":0.91353943599431,"x":0.0064666889592499,"w":0.40656401086467}}
{"steering":-75.81492,"ts":2359.387141,"pos":{"y":-76.572090148926,"x":-848.68041992188,"z":275.98251342773},"id":28,"quat":{"y":-0.010142353820329,"z":0.98586804924017,"x":0.01366529015614,"w":-0.1666570790315}}
{"steering":35.20908,"ts":2362.7904783,"pos":{"y":-120.99308013916,"x":-890.79632568359,"z":274.96203613281},"id":29,"quat":{"y":-0.0046705075142349,"z":0.94004803907995,"x":-0.0058751163351763,"w":-0.3409594603315}}
{"steering":89.19666,"ts":2370.480341,"pos":{"y":-248.26319885254,"x":-917.18420410156,"z":275.96069335938},"id":30,"quat":{"y":0.044359540456911,"z":0.98948746638448,"x":0.054398582544682,"w":0.12644199957136}}
{"steering":-155.64312,"ts":2373.6144794,"pos":{"y":-275.08212280273,"x":-893.75616455078,"z":273.72332763672},"id":31,"quat":{"y":-0.020429902743219,"z":0.96064589068422,"x":0.017933257334262,"w":0.27644256196688}}
{"steering":129.52278,"ts":2380.1090902,"pos":{"y":-361.97906494141,"x":-887.62878417969,"z":273.41119384766},"id":32,"quat":{"y":-0.0064029721902827,"z":0.98458721362451,"x":-0.0068805601188965,"w":0.17464157181699}}
{"steering":-31.46796,"ts":2385.3475565,"pos":{"y":-358.13708496094,"x":-832.25903320313,"z":273.72204589844},"id":33,"quat":{"y":0.019922887512916,"z":0.55098853652872,"x":0.0078933333939137,"w":0.83423761989916}}
{"steering":15.99372,"ts":2390.0274885,"pos":{"y":-327.90814208984,"x":-742.68518066406,"z":272.68411254883},"id":34,"quat":{"y":0.0079289383678933,"z":0.54626554490888,"x":-0.018981445490077,"w":0.83735941572832}}
{"steering":-68.92668,"ts":2394.133402,"pos":{"y":-282.86929321289,"x":-670.26043701172,"z":273.81329345703},"id":35,"quat":{"y":0.0082139225338429,"z":0.48277663205201,"x":-0.0009178971663832,"w":0.87570452350431}}
{"steering":-118.3491,"ts":2400.2732448,"pos":{"y":-296.30865478516,"x":-604.09307861328,"z":270.78802490234},"id":36,"quat":{"y":-0.051770582890205,"z":0.92333924331314,"x":0.028882508859433,"w":0.37938140332271}}
{"steering":149.06754,"ts":2402.8244628,"pos":{"y":-321.47698974609,"x":-590.62365722656,"z":269.0791015625},"id":37,"quat":{"y":-0.0057942747187828,"z":0.91919673521324,"x":0.036265781690191,"w":0.39208236562258}}
{"steering":-97.04124,"ts":2407.2307944,"pos":{"y":-302.40762329102,