{"steering":6.6537,"ts":3260.8826152,"pos":{"y":103.46788024902,"x":-362.03930664063,"z":32.543235778809},"id":1,"quat":{"y":-0.0077295331496118,"z":0.87078166809262,"x":-0.0059051709240886,"w":-0.4915736666945}}
{"steering":1.1331,"ts":3261.8812755,"pos":{"y":103.46799468994,"x":-362.03939819336,"z":32.5432472229},"id":2,"quat":{"y":-0.0077481273445091,"z":0.87077724993873,"x":-0.0058714278502501,"w":-0.49158160446338}}
{"steering":2.58885,"ts":3272.9245386,"pos":{"y":103.46796417236,"x":-362.03939819336,"z":32.543251037598},"id":3,"quat":{"y":-0.0077365800038254,"z":0.87077396972738,"x":-0.0058875273661627,"w":-0.49158740422896}}
{"steering":4.45635,"ts":3274.5757801,"pos":{"y":103.46792602539,"x":-362.03936767578,"z":32.5432472229},"id":4,"quat":{"y":-0.0077272253856832,"z":0.87077507870723,"x":-0.0059043670034883,"w":-0.49158538499486}}
{"steering":7.99965,"ts":3280.780867,"pos":{"y":103.46782684326,"x":-362.0393371582,"z":32.5432472229},"id":5,"quat":{"y":-0.0077089269757048,"z":0.87077695891018,"x":-0.0059221392839161,"w":-0.49158212797287}}
{"steering":8.0271,"ts":3287.7199765,"pos":{"y":103.46783447266,"x":-362.0393371582,"z":32.5432472229},"id":6,"quat":{"y":-0.0077075847086352,"z":0.87077428964248,"x":-0.0059234264846521,"w":-0.49158686175921}}
{"steering":13.0806,"ts":3294.8600992,"pos":{"y":101.48637390137,"x":-365.2353515625,"z":32.55481338501},"id":7,"quat":{"y":0.006698112404454,"z":0.87438717347895,"x":-0.0018646413335759,"w":-0.48517906927073}}
{"steering":15.9372,"ts":3304.5799262,"pos":{"y":14.581823348999,"x":-426.57864379883,"z":32.462436676025},"id":8,"quat":{"y":-0.06227638557561,"z":0.99485647737206,"x":0.021486246943771,"w":-0.07694532099335}}
{"steering":5.4999,"ts":3311.8723048,"pos":{"y":-84.86841583252,"x":-430.10287475586,"z":32.472301483154},"id":9,"quat":{"y":-0.00052662853975492,"z":0.99906137257334,"x":0.0085176623172752,"w":-0.042468175412977}}
{"steering":15.1407,"ts":3316.4601448,"pos":{"y":-140.11810302734,"x":-413.84188842773,"z":33.212978363037},"id":10,"quat":{"y":-0.010569017158566,"z":0.95955452109695,"x":0.0025365926342365,"w":0.28131296204853}}
{"steering":-5.14305,"ts":3322.0650219,"pos":{"y":-220.15441894531,"x":-386.64920043945,"z":34.832969665527},"id":11,"quat":{"y":0.0058082322085702,"z":0.99878581993155,"x":0.030721741334845,"w":0.038070000677965}}
{"steering":-4.346549998,"ts":3326.2017955,"pos":{"y":-282.38162231445,"x":-383.84515380859,"z":35.002788543701},"id":12,"quat":{"y":0.0090107477786478,"z":0.99982716930657,"x":0.0031707351916884,"w":0.01594943194058}}
{"steering":0.4464,"ts":3330.1716386,"pos":{"y":-345.65051269531,"x":-383.44573974609,"z":35.53392791748},"id":13,"quat":{"y":0.01189455597322,"z":0.99983337667548,"x":0.013416532421895,"w":-0.0034256505497672}}
{"steering":-1.435050001,"ts":3335.2924432,"pos":{"y":-424.482421875,"x":-383.3503112793,"z":37.358432769775},"id":14,"quat":{"y":0.015299321585981,"z":0.99986030419267,"x":0.0039518367133055,"w":-0.0054484718345595}}
{"steering":13.98735,"ts":3341.6986024,"pos":{"y":-521.40875244141,"x":-372.60726928711,"z":42.657688140869},"id":15,"quat":{"y":0.071934307771377,"z":0.97594627189889,"x":-0.0038996085467586,"w":0.20576472677621}}
{"steering":-2.204100001,"ts":3346.3177497,"pos":{"y":-580.01739501953,"x":-356.62710571289,"z":48.992889404297},"id":16,"quat":{"y":0.035045632722007,"z":0.99802260991556,"x":0.0076766537470296,"w":0.051611459112244}}
{"steering":39.44835,"ts":3353.5911133,"pos":{"y":-647.1357421875,"x":-332.28070068359,"z":56.848644256592},"id":17,"quat":{"y":0.027257784707466,"z":0.90643482432124,"x":-0.010200036321563,"w":0.4213417635241}}
{"steering":25.8525,"ts":3360.5473618,"pos":{"y":-661.54510498047,"x":-261.70220947266,"z":48.470684051514},"id":18,"quat":{"y":-0.051271742090496,"z":0.63589582892147,"x":0.052155788783745,"w":0.76830168353299}}
{"steering":-1.8882,"ts":3364.2316808,"pos":{"y":-646.95617675781,"x":-209.54078674316,"z":43.842155456543},"id":19,"quat":{"y":-0.022893820739033,"z":0.61710603378786,"x":0.028484000835403,"w":0.78603096486779}}
{"steering":-5.2119,"ts":3369.771439,"pos":{"y":-645.62518310547,"x":-115.08867645264,"z":39.747859954834},"id":20,"quat":{"y":-0.033524750103667,"z":0.7798613389244,"x":0.025788291427156,"w":0.6245216947447}}
{"steering":-0.0616500001,"ts":3377.4285276,"pos":{"y":-680.02661132813,"x":7.924328327179,"z":35.454471588135},"id":21,"quat":{"y":-0.0090199910130614,"z":0.79981427379799,"x":0.0085573981048859,"w":0.60011877001873}}
{"steering":4.4703,"ts":3380.0301579,"pos":{"y":-689.8603515625,"x":42.451515197754,"z":35.055759429932},"id":22,"quat":{"y":0.0097205318230025,"z":0.79136414399134,"x":-0.0060377998625928,"w":0.61123796334877}}
{"steering":18.6426,"ts":3387.0676928,"pos":{"y":-680.01556396484,"x":108.17084503174,"z":39.816970825195},"id":23,"quat":{"y":0.011629393119544,"z":0.41244558330807,"x":-0.02838737249563,"w":0.9104655705232}}
{"steering":-30.096,"ts":3392.3723646,"pos":{"y":-659.39916992188,"x":146.32725524902,"z":40.029716491699},"id":24,"quat":{"y":0.0024597537845664,"z":0.6743267265729,"x":-0.00088110221238503,"w":0.7384284928818}}
{"steering":-2.616300002,"ts":3398.045821,"pos":{"y":-679.77386474609,"x":176.96366882324,"z":40.532711029053},"id":25,"quat":{"y":0.018005552232333,"z":0.98164844977586,"x":0.0095102332605977,"w":0.18960927352}}
{"steering":32.77395,"ts":3404.2326505,"pos":{"y":-716.56585693359,"x":172.84634399414,"z":43.05362701416},"id":26,"quat":{"y":0.031006233554619,"z":0.94735349097879,"x":0.0019843740223703,"w":-0.31867858238481}}
{"steering":-6.2694,"ts":3408.019856,"pos":{"y":-740.24652099609,"x":170.69290161133,"z":43.449615478516},"id":27,"quat":{"y":0.058140630649298,"z":0.99402439478501,"x":0.0096837020184816,"w":0.09187706762413}}
{"steering":68.24655,"ts":3410.7555213,"pos":{"y":-764.73254394531,"x":174.41909790039,"z":46.428031921387},"id":28,"quat":{"y":0.052373190418316,"z":0.99184918913358,"x":0.0010849039270373,"w":0.11615101344341}}
{"steering":60.0345,"ts":3414.9576895,"pos":{"y":-778.38238525391,"x":207.57453918457,"z":47.141227722168},"id":29,"quat":{"y":-0.028550110943469,"z":0.61175853440021,"x":0.023794588936841,"w":0.79017099686773}}
{"steering":-49.58325,"ts":3421.2638134,"pos":{"y":-759.43151855469,"x":273.57476806641,"z":46.249176025391},"id":30,"quat":{"y":0.0013841090370512,"z":0.80188506236268,"x":0.0064829930026742,"w":0.59744154676714}}
{"steering":77.4342,"ts":3430.7884931,"pos":{"y":-740.14807128906,"x":310.28143310547,"z":45.686840057373},"id":31,"quat":{"y":0.0091001886242411,"z":-0.4626877066885,"x":0.032633052683694,"w":0.88587378137006}}
{"steering":-33.46065,"ts":3433.0885545,"pos":{"y":-729.52947998047,"x":292.67904663086,"z":43.441123962402},"id":32,"quat":{"y":0.016564821075116,"z":-0.45143780062612,"x":0.062560372441742,"w":0.88995264967781}}
{"steering":-7.024500002,"ts":3437.8790912,"pos":{"y":-703.11102294922,"x":298.28656005859,"z":42.201553344727},"id":33,"quat":{"y":-0.00095370630255748,"z":0.52841981311826,"x":0.0017099139689306,"w":0.84898095840989}}
{"steering":-1.3527,"ts":3444.9159806,"pos":{"y":-670.77447509766,"x":356.17681884766,"z":42.199111938477},"id":34,"quat":{"y":-8.1447089652871e-05,"z":0.50099719245579,"x":-0.00040173169519627,"w":0.865448811386}}
{"steering":1.3941,"ts":3457.5939985,"pos":{"y":-593.72406005859,"x":405.5859375,"z":46.768531799316},"id":35,"quat":{"y":0.0012787760697378,"z":-0.31966333479217,"x":-0.0063107952947549,"w":0.94750930918069}}
{"steering":-3.6324,"ts":3463.9162346,"pos":{"y":-525.33563232422,"x":364.96343994141,"z":47.218601226807},"id":36,"quat":{"y":0.0001241566260818,"z":-0.209861908995,"x":-0.0091973770154037,"w":0.97768776815205}}
{"steering":13.5477,"ts":3470.3549293,"pos":{"y":-446.71301269531,"x":322.134765625,"z":43.261341094971},"id":37,"quat":{"y":0.013053480135936,"z":-0.33602379713134,"x":0.025603976792871,"w":0.94141491957062}}
{"steering":7.2306,"ts":3475.9424885,"pos":{"y":-373.97360229492,"x":275.55053710938,