{
  "looped":false,
  "manualFov":true,
  "markers":[
    {
      "fov":65,
      "movingEnd":true,
      "movingStart":true,
      "pos":{
        "x":61.01667067,
        "y":41.4749463,
        "z":101.2664342
      },
      "rot":{
        "z":-0.9985885257,
        "w":-0.0288758986,
        "x":-0.00128849148,
        "y":0.04455871053
      },
      "time":0,
      "trackPosition":false
    }
  ],
  "name":"finishRev",
  "version":"6"
}