{
  "looped":false,
  "manualFov":false,
  "markers":[
    {
      "fov":65,
      "movingEnd":true,
      "movingStart":true,
      "pos":{
        "x":63.79309762,
        "y":76.8588487,
        "z":107.4850179
      },
      "rot":{
        "z":-0.9654625294,
        "w":0.08743332433,
        "x":0.02213611869,
        "y":0.2444330386
      },
      "time":0,
      "trackPosition":false
    },
    {
      "fov":65,
      "movingEnd":true,
      "movingStart":true,
      "pos":{
        "x":63.65203093,
        "y":128.9387824,
        "z":102.5427797
      },
      "rot":{
        "z":-0.9991926864,
        "w":0.01014020163,
        "x":0.0003944836683,
        "y":0.0388715344
      },
      "time":5,
      "trackPosition":false
    }
  ],
  "name":"finishFwd",
  "rotFixId":1,
  "version":"6"
}