{
  "looped":false,
  "manualFov":false,
  "markers":[
    {
      "fov":65,
      "movingEnd":true,
      "movingStart":true,
      "pos":{
        "x":70.91992188,
        "y":38.87363052,
        "z":101.2664337
      },
      "rot":{
        "z":-0.9985885257,
        "w":-0.0288758986,
        "x":-0.00128849148,
        "y":0.04455871053
      },
      "time":0,
      "trackPosition":false
    },
    {
      "fov":65,
      "movingEnd":true,
      "movingStart":true,
      "pos":{
        "x":68.86314392,
        "y":62.40819931,
        "z":102.2134323
      },
      "rot":{
        "z":-0.9695298497,
        "w":0.2148712885,
        "x":0.0254570303,
        "y":0.1148657456
      },
      "time":2,
      "trackPosition":false
    }
  ],
  "name":"introFwd",
  "rotFixId":2,
  "version":"6"
}