{"steering":-1.750950001,"ts":2053.5150561,"pos":{"y":1401.0157470703,"x":-1609.6715087891,"z":163.0188293457},"id":1,"quat":{"y":0.0086505159160995,"z":0.20467647516904,"x":-0.030252457678842,"w":0.9783238205682}}
{"steering":-1.97055,"ts":2054.504535,"pos":{"y":1401.0157470703,"x":-1609.6715087891,"z":163.0188293457},"id":2,"quat":{"y":0.0086569377213899,"z":0.20467112733876,"x":-0.030253373576019,"w":0.97832485425366}}
