{
  "looped":false,
  "manualFov":true,
  "markers":[
    {
      "cut":false,
      "fov":100,
      "movingEnd":true,
      "movingStart":true,
      "pos":{
        "x":456.2761477,
        "y":1412.344124,
        "z":153.3145801
      },
      "rot":{
        "w":-0.8257491392,
        "x":0.01544883887,
        "y":0.01054670443,
        "z":0.5637272919
      },
      "time":0,
      "trackPosition":false
    },
    {
      "fov":35,
      "movingEnd":true,
      "movingStart":true,
      "pos":{
        "x":454.583265,
        "y":1421.136505,
        "z":153.3964253
      },
      "rot":{
        "w":-0.4061155089,
        "x":0.001437666158,
        "y":0.003234943558,
        "z":0.9138148947
      },
      "time":30,
      "trackPosition":false
    }
  ],
  "name":"camPath",
  "rotFixId":1,
  "version":"6"
}